,Close,Volume,Return,Volatility_7D,Illiquidity,Turnover_Ratio,Avg_Sentiment,Comment_Count
Close,1.0,-0.06880753123524745,0.15145552715164687,-0.07083247345489765,0.010795601765549992,-0.012082637683612684,0.3577341056319525,0.39410221464835365
Volume,-0.06880753123524745,1.0,0.012479328565293426,0.42912941141723526,0.12689444667588978,0.8984583103861549,-0.3166770753212276,0.6427602028294713
Return,0.15145552715164687,0.012479328565293426,1.0,-0.022439811296188297,-0.06222876016044752,0.07455507499978434,0.13449954907174153,0.011205536030707421
Volatility_7D,-0.07083247345489765,0.42912941141723526,-0.022439811296188297,1.0,0.24361434855693917,0.18509351697744186,-0.3512075767694592,0.20852076232869038
Illiquidity,0.010795601765549992,0.12689444667588978,-0.06222876016044752,0.24361434855693917,1.0,0.07186184356756685,-0.1572438092298721,0.11339443205953109
Turnover_Ratio,-0.012082637683612684,0.8984583103861549,0.07455507499978434,0.18509351697744186,0.07186184356756685,1.0,-0.1097734504772156,0.6878421147878644
Avg_Sentiment,0.3577341056319525,-0.3166770753212276,0.13449954907174153,-0.3512075767694592,-0.1572438092298721,-0.1097734504772156,1.0,-0.07058416239280825
Comment_Count,0.39410221464835365,0.6427602028294713,0.011205536030707421,0.20852076232869038,0.11339443205953109,0.6878421147878644,-0.07058416239280825,1.0
