,Close,Volume,Return,Volatility_7D,Illiquidity,Turnover_Ratio,Avg_Sentiment,Comment_Count
Close,1.0,0.10010356326812347,0.1299616898567342,0.13783552729538476,0.05802054637413942,0.029566848532023012,0.05387833754126928,0.4702010931108811
Volume,0.10010356326812347,1.0,0.0008627373203466356,0.5170368374147059,0.17559936434541049,0.8625323594528059,-0.41011338647389506,0.6690774852506732
Return,0.1299616898567342,0.0008627373203466356,1.0,-0.02830275013233441,-0.0639760814231639,0.0663142612303513,0.12193676983537555,-0.012173757334471765
Volatility_7D,0.13783552729538476,0.5170368374147059,-0.02830275013233441,1.0,0.28505702685106427,0.18789577907396457,-0.4662515182175624,0.32993321603069664
Illiquidity,0.05802054637413942,0.17559936434541049,-0.0639760814231639,0.28505702685106427,1.0,0.09090113451785124,-0.22810225196866918,0.15352821706093694
Turnover_Ratio,0.029566848532023012,0.8625323594528059,0.0663142612303513,0.18789577907396457,0.09090113451785124,1.0,-0.15363233607464685,0.6441449704418581
Avg_Sentiment,0.05387833754126928,-0.41011338647389506,0.12193676983537555,-0.4662515182175624,-0.22810225196866918,-0.15363233607464685,1.0,-0.17010268477136523
Comment_Count,0.4702010931108811,0.6690774852506732,-0.012173757334471765,0.32993321603069664,0.15352821706093694,0.6441449704418581,-0.17010268477136523,1.0
