Model,MAE,RMSE,R2
Linear Regression,2.6753410039569696e-10,3.046927409126468e-10,-0.05580852028438965
Random Forest,2.6827836554388623e-10,2.977391875349473e-10,-0.008168084980917367
XGBoost,2.6831589347346095e-10,2.976110186680685e-10,-0.007300292265040698
