Model,MAE,RMSE,R2
Linear Regression,2.954222795490639e-10,3.440583592568031e-10,-0.32002046600196965
Random Forest,2.7086897843447805e-10,3.014670710006818e-10,-0.013435701603168981
XGBoost,2.708067176801484e-10,3.018024995727358e-10,-0.01569216300922016
