Comparison,Sample_Size,Kappa
VADER vs TextBlob,100,0.45255474452554745
VADER vs FinBERT,100,0.3055555555555556
TextBlob vs FinBERT,100,0.24789410348977126
